step,Episode_Reward/track_lin_vel_xy,Episode_Reward/track_ang_vel_z,Episode_Reward/alive,Episode_Reward/base_height,Episode_Reward/flat_orientation_l2,Episode_Reward/action_rate_l1,Episode_Reward/base_linear_velocity,Episode_Reward/base_angular_velocity,Episode_Reward/joint_vel,Episode_Reward/joint_acc,Episode_Reward/energy,Episode_Reward/dof_pos_limits,Episode_Reward/joint_deviation_legs,Episode_Reward/joint_deviation_hip_knee,Episode_Reward/feet_contact_number,Episode_Reward/feet_slide,Episode_Reward/feet_clearance,Episode_Reward/stand_still,Episode_Reward/undesired_contacts,Curriculum/terrain_levels,Curriculum/lin_vel_cmd_levels,Curriculum/ang_vel_cmd_levels,Metrics/base_velocity/error_vel_xy,Metrics/base_velocity/error_vel_yaw,Episode_Termination/time_out,Episode_Termination/base_height,Episode_Termination/bad_orientation,Loss/value_function,Loss/surrogate,Loss/entropy,Loss/learning_rate,Policy/mean_noise_std,Perf/total_fps,Perf/collection time,Perf/learning_time,Train/mean_reward,Train/mean_episode_length,Train/mean_reward/time,Train/mean_episode_length/time
6,0.000041,0.001383,0.001748,-0.005741,-0.009290,-0.003510,-0.248483,-0.063949,-0.001861,-0.001855,-0.000160,-0.000157,-0.001456,-0.003449,0.001545,-0.000280,0.004099,-0.009257,0.000000,0.984375,0.100000,0.100000,0.047801,0.028357,0.006510,0.000000,0.039062,0.554648,-0.020350,17.030619,0.000010,1.000316,221.000000,6.128559,0.793329,-2.261093,20.000000,-2.261093,20.000000
1,0.005613,0.007189,0.009181,-0.037063,-0.027510,-0.017130,-0.003510,-0.012358,-0.004043,-0.011496,-0.000244,-0.000236,-0.008195,-0.011732,0.006405,-0.001591,0.024245,-0.030420,-0.000050,0.670573,0.100000,0.100000,0.121937,0.126210,0.030599,0.000000,0.680339,0.257909,-0.042988,17.031059,0.000010,1.000347,341.000000,4.065217,0.436561,-2.108518,28.190475,-2.108518,28.190475
2,0.009619,0.006699,0.009712,-0.020831,-0.025199,-0.017985,-0.003746,-0.013012,-0.004378,-0.011266,-0.000263,-0.000823,-0.009121,-0.012460,0.006898,-0.001403,0.028021,-0.042393,-0.000020,0.417318,0.100000,0.100000,0.125692,0.142977,0.002604,0.000000,0.947917,0.279971,-0.039186,17.029106,0.000010,1.000081,327.000000,4.272251,0.416272,-2.237991,32.560001,-2.237991,32.560001
3,0.007575,0.007442,0.009555,-0.024253,-0.025187,-0.017753,-0.003104,-0.013344,-0.004420,-0.009658,-0.000263,-0.000556,-0.008839,-0.012383,0.006812,-0.001592,0.027086,-0.046518,-0.000100,0.234375,0.100000,0.100000,0.130267,0.130348,0.000000,0.000000,0.986328,0.276479,-0.042155,17.035032,0.000010,1.000938,339.000000,4.097544,0.420131,-2.339737,33.270000,-2.339737,33.270000
4,0.006387,0.007123,0.008907,-0.018462,-0.022843,-0.016739,-0.003062,-0.012336,-0.004060,-0.009217,-0.000246,-0.000578,-0.007810,-0.010754,0.005925,-0.001502,0.025540,-0.027081,-0.000067,0.143880,0.100000,0.100000,0.118456,0.118858,0.000000,0.000000,1.000000,0.266295,-0.034776,17.047924,0.000010,1.002099,338.000000,4.070524,0.469181,-2.116536,32.259998,-2.116536,32.259998
5,0.005862,0.006957,0.009435,-0.025242,-0.026599,-0.017713,-0.003154,-0.012206,-0.004345,-0.010883,-0.000255,-0.000508,-0.009095,-0.011477,0.006895,-0.001590,0.025396,-0.041948,-0.000122,0.080078,0.100000,0.100000,0.131839,0.133739,0.000000,0.000000,1.000000,0.196904,-0.042130,17.056932,0.000010,1.002685,353.000000,3.941208,0.405264,-2.114266,31.780001,-2.114266,31.780001
6,0.011364,0.007604,0.010244,-0.015684,-0.025595,-0.019073,-0.004184,-0.013837,-0.004711,-0.009363,-0.000277,-0.000569,-0.009124,-0.011825,0.007746,-0.001712,0.030530,-0.045889,-0.000253,0.078125,0.100000,0.100000,0.125710,0.144387,0.000000,0.000000,1.000000,0.268694,-0.038714,17.066427,0.000010,1.003570,332.000000,4.167793,0.453653,-2.081761,33.549999,-2.081761,33.549999
7,0.007883,0.006779,0.009186,-0.024468,-0.025116,-0.017437,-0.002951,-0.013248,-0.004441,-0.009766,-0.000254,-0.000407,-0.008331,-0.010421,0.007237,-0.001462,0.024934,-0.044447,-0.000239,0.075521,0.100000,0.100000,0.128581,0.137361,0.000000,0.000000,1.000000,0.266416,-0.036411,17.074299,0.000010,1.004069,342.000000,4.080680,0.403085,-1.969389,33.160000,-1.969389,33.160000
8,0.008919,0.007118,0.010051,-0.038132,-0.024325,-0.018767,-0.002921,-0.012537,-0.004561,-0.016751,-0.000277,-0.000647,-0.010132,-0.011323,0.007918,-0.001773,0.024536,-0.043958,-0.000103,0.035156,0.100000,0.100000,0.135788,0.148208,0.000000,0.000000,1.000000,0.175904,-0.045759,17.074818,0.000010,1.003930,396.000000,3.463088,0.410037,-2.194341,32.130001,-2.194341,32.130001
9,0.005432,0.007428,0.009481,-0.024801,-0.025387,-0.017892,-0.003558,-0.013188,-0.004600,-0.011754,-0.000264,-0.000487,-0.008933,-0.010393,0.006434,-0.001551,0.024853,-0.038553,-0.000058,0.011068,0.100000,0.100000,0.133821,0.130607,0.000000,0.000000,1.000000,0.168725,-0.047942,17.074833,0.000010,1.004025,340.000000,4.061308,0.456137,-2.098311,32.480000,-2.098311,32.480000
10,0.008450,0.008090,0.009910,-0.022828,-0.025721,-0.018906,-0.003390,-0.013245,-0.004619,-0.015384,-0.000282,-0.000835,-0.009112,-0.011537,0.007853,-0.001406,0.026385,-0.045720,-0.000087,0.000000,0.100000,0.100000,0.132711,0.128723,0.000000,0.000000,1.000000,0.200056,-0.047363,17.078819,0.000010,1.004475,309.000000,4.564548,0.402837,-1.928951,31.600000,-1.928951,31.600000
11,0.008158,0.007510,0.010128,-0.014826,-0.025118,-0.019273,-0.003086,-0.013445,-0.004995,-0.012838,-0.000285,-0.000446,-0.009438,-0.012704,0.007348,-0.001500,0.029981,-0.052450,-0.000275,0.000000,0.100000,0.100000,0.137940,0.149365,0.000000,0.000000,1.000000,0.204913,-0.050141,17.085993,0.000010,1.005110,392.000000,3.474201,0.438689,-2.126137,32.130001,-2.126137,32.130001
12,0.005626,0.006739,0.008894,-0.015366,-0.023857,-0.016885,-0.002689,-0.012535,-0.004133,-0.010269,-0.000243,-0.000591,-0.008089,-0.010319,0.005564,-0.001332,0.025840,-0.043607,-0.000028,0.000000,0.100000,0.100000,0.130450,0.128570,0.000000,0.000000,1.000000,0.176034,-0.051110,17.087132,0.000010,1.004990,325.000000,4.126289,0.597789,-2.102485,31.670000,-2.102485,31.670000
13,0.005696,0.007358,0.009418,-0.027035,-0.024188,-0.018051,-0.003045,-0.012515,-0.004535,-0.011755,-0.000264,-0.000780,-0.008655,-0.011152,0.007320,-0.001566,0.024024,-0.030795,-0.000100,0.000000,0.100000,0.100000,0.130309,0.131758,0.000000,0.000000,1.000000,0.160276,-0.048016,17.078499,0.000010,1.003963,322.000000,4.310243,0.446905,-2.007584,31.559999,-2.007584,31.559999
14,0.004869,0.006246,0.008181,-0.024593,-0.021563,-0.015777,-0.003072,-0.012920,-0.004030,-0.008590,-0.000233,-0.000522,-0.007304,-0.010006,0.006182,-0.001322,0.020095,-0.038574,-0.000033,0.000000,0.100000,0.100000,0.118780,0.112282,0.000000,0.000000,1.000000,0.146222,-0.043459,17.072659,0.000010,1.003767,239.000000,5.944738,0.457218,-2.021558,31.610001,-2.021558,31.610001
15,0.010620,0.007314,0.009275,-0.023762,-0.022167,-0.017910,-0.003556,-0.013354,-0.004596,-0.009095,-0.000265,-0.000773,-0.008681,-0.010855,0.006604,-0.001480,0.024461,-0.035276,-0.000063,0.000000,0.100000,0.100000,0.122492,0.129492,0.000000,0.000000,1.000000,0.151091,-0.044980,17.075886,0.000010,1.004216,305.000000,4.466205,0.554980,-1.780993,32.049999,-1.780993,32.049999
16,0.004997,0.005893,0.008867,-0.021439,-0.025138,-0.017265,-0.002554,-0.012511,-0.004558,-0.010206,-0.000252,-0.000374,-0.008471,-0.011222,0.006014,-0.001346,0.023577,-0.035183,-0.000074,0.000000,0.100000,0.100000,0.127932,0.136603,0.000000,0.000000,1.000000,0.130928,-0.048857,17.074514,0.000010,1.003856,451.000000,3.019838,0.385326,-1.846226,31.459999,-1.846226,31.459999
17,0.005500,0.006407,0.008634,-0.014882,-0.025160,-0.016745,-0.003641,-0.012639,-0.004458,-0.009994,-0.000255,-0.000788,-0.008550,-0.010917,0.006171,-0.001367,0.025082,-0.040269,-0.000117,0.000000,0.100000,0.100000,0.126236,0.123134,0.000000,0.000000,1.000000,0.100813,-0.047987,17.070377,0.000010,1.003535,436.000000,3.075866,0.445947,-1.991470,30.459999,-1.991470,30.459999
18,0.010622,0.007464,0.009925,-0.012609,-0.025169,-0.019259,-0.003420,-0.013053,-0.004832,-0.011955,-0.000279,-0.000540,-0.009094,-0.011537,0.007291,-0.001537,0.029711,-0.035990,-0.000050,0.000000,0.100000,0.100000,0.128743,0.142828,0.000000,0.000000,1.000000,0.121722,-0.049915,17.063984,0.000010,1.002894,340.000000,4.087957,0.418319,-1.860571,31.410000,-1.860571,31.410000
19,0.010623,0.006718,0.009510,-0.019650,-0.023687,-0.018844,-0.003453,-0.013227,-0.004605,-0.012429,-0.000282,-0.000568,-0.008349,-0.011194,0.007296,-0.001513,0.025978,-0.037724,-0.000158,0.000000,0.100000,0.100000,0.119526,0.143999,0.000000,0.000000,1.000000,0.118311,-0.041528,17.064577,0.000010,1.003279,322.000000,4.299942,0.457505,-1.804310,32.110001,-1.804310,32.110001
20,0.003562,0.006409,0.008438,-0.021857,-0.022210,-0.016257,-0.002473,-0.012461,-0.004054,-0.011657,-0.000242,-0.000495,-0.008071,-0.009453,0.006670,-0.001412,0.022040,-0.035072,-0.000122,0.000000,0.100000,0.100000,0.133097,0.117162,0.000000,0.000000,1.000000,0.099218,-0.044282,17.070805,0.000010,1.003829,353.000000,3.911972,0.437551,-1.867819,30.920000,-1.867819,30.920000
21,0.006227,0.006231,0.009174,-0.020587,-0.025663,-0.017753,-0.003016,-0.012109,-0.004633,-0.013101,-0.000268,-0.000499,-0.008642,-0.011415,0.006515,-0.001406,0.024737,-0.047685,-0.000133,0.000000,0.100000,0.100000,0.124437,0.142703,0.000000,0.000000,1.000000,0.129216,-0.039246,17.075335,0.000010,1.004152,334.000000,4.110706,0.484742,-2.047306,31.270000,-2.047306,31.270000
22,0.007265,0.007467,0.009172,-0.021345,-0.024390,-0.017542,-0.003095,-0.013039,-0.004382,-0.012551,-0.000255,-0.000552,-0.008556,-0.011088,0.006631,-0.001395,0.024688,-0.050394,-0.000133,0.000000,0.100000,0.100000,0.125185,0.126222,0.000000,0.000000,1.000000,0.098748,-0.046043,17.079969,0.000010,1.004573,361.000000,3.850803,0.402764,-2.098554,32.349998,-2.098554,32.349998
23,0.007207,0.006672,0.008683,-0.025078,-0.021155,-0.016987,-0.002832,-0.013082,-0.004383,-0.008966,-0.000246,-0.000642,-0.007656,-0.009766,0.006233,-0.001289,0.021751,-0.027694,-0.000108,0.000000,0.100000,0.100000,0.122074,0.123370,0.000000,0.000000,1.000000,0.108750,-0.045164,17.089859,0.000010,1.005563,372.000000,3.743700,0.383739,-1.944799,31.410000,-1.944799,31.410000
24,0.008449,0.006287,0.009279,-0.016807,-0.023325,-0.018150,-0.003152,-0.012960,-0.004672,-0.010421,-0.000275,-0.000546,-0.008475,-0.010429,0.006236,-0.001587,0.026400,-0.034720,-0.000203,0.000000,0.100000,0.100000,0.120699,0.141445,0.000000,0.000000,1.000000,0.103428,-0.050642,17.100597,0.000010,1.006444,352.000000,3.929955,0.430596,-1.855076,31.379999,-1.855076,31.379999
25,0.006363,0.007330,0.008929,-0.020919,-0.022324,-0.017549,-0.003321,-0.012470,-0.004619,-0.012385,-0.000273,-0.000581,-0.008278,-0.010453,0.006809,-0.001594,0.023572,-0.033295,-0.000108,0.000000,0.100000,0.100000,0.121793,0.118387,0.000000,0.000000,1.000000,0.126641,-0.046967,17.106565,0.000010,1.006793,355.000000,3.940743,0.378708,-1.888752,31.770000,-1.888752,31.770000
26,0.007091,0.006841,0.009341,-0.021951,-0.025133,-0.018127,-0.003053,-0.012088,-0.004734,-0.011927,-0.000270,-0.000511,-0.008579,-0.010462,0.006299,-0.001444,0.025469,-0.031552,-0.000106,0.000000,0.100000,0.100000,0.124167,0.135060,0.000000,0.000000,1.000000,0.149745,-0.041810,17.111328,0.000010,1.007197,358.000000,3.894753,0.392345,-1.924543,31.719999,-1.924543,31.719999
27,0.007641,0.006991,0.008766,-0.025037,-0.021975,-0.017222,-0.002835,-0.012747,-0.004553,-0.011285,-0.000260,-0.000540,-0.008340,-0.009730,0.006205,-0.001395,0.022532,-0.044229,-0.000171,0.000000,0.100000,0.100000,0.120963,0.119013,0.000000,0.000000,1.000000,0.184466,-0.043697,17.113831,0.000010,1.007312,270.000000,5.230559,0.448686,-2.073932,30.700001,-2.073932,30.700001
28,0.010563,0.007080,0.009871,-0.018411,-0.025642,-0.019316,-0.003307,-0.012634,-0.005140,-0.011571,-0.000296,-0.000853,-0.009077,-0.011148,0.006847,-0.001599,0.027626,-0.035533,-0.000186,0.000000,0.100000,0.100000,0.125972,0.145081,0.000000,0.000000,1.000000,0.118104,-0.045773,17.115601,0.000010,1.007494,301.000000,4.678698,0.419105,-2.094444,31.650000,-2.094444,31.650000
29,0.004251,0.006054,0.008310,-0.019238,-0.021860,-0.016221,-0.002634,-0.012666,-0.004419,-0.007335,-0.000259,-0.000424,-0.008230,-0.008904,0.005580,-0.001287,0.022358,-0.031542,0.000000,0.000000,0.100000,0.100000,0.124898,0.121730,0.000000,0.000000,1.000000,0.111834,-0.048258,17.115223,0.000010,1.007335,345.000000,4.033839,0.416612,-1.773556,30.910000,-1.773556,30.910000
30,0.007618,0.006441,0.009108,-0.024525,-0.023583,-0.017947,-0.002816,-0.012696,-0.004786,-0.011383,-0.000271,-0.000429,-0.008406,-0.010322,0.007139,-0.001450,0.023752,-0.035225,-0.000122,0.000000,0.100000,0.100000,0.124836,0.134402,0.000000,0.000000,1.000000,0.128325,-0.043023,17.112120,0.000010,1.007079,341.000000,4.053789,0.440627,-1.887474,30.100000,-1.887474,30.100000
31,0.006525,0.007092,0.008863,-0.027227,-0.022990,-0.017531,-0.003275,-0.013027,-0.004841,-0.011878,-0.000268,-0.000599,-0.007890,-0.009956,0.005495,-0.001611,0.022121,-0.041158,-0.000094,0.000000,0.100000,0.100000,0.120891,0.117536,0.000000,0.000000,1.000000,0.119806,-0.046283,17.114052,0.000010,1.007403,350.000000,3.992220,0.391503,-1.965917,30.730000,-1.965917,30.730000
32,0.010748,0.007278,0.009918,-0.015615,-0.022857,-0.019527,-0.003454,-0.013278,-0.005377,-0.011262,-0.000297,-0.000591,-0.008812,-0.011102,0.007617,-0.001632,0.028756,-0.050777,-0.000050,0.000000,0.100000,0.100000,0.127922,0.136955,0.000000,0.000000,1.000000,0.108208,-0.043432,17.113197,0.000010,1.007144,328.000000,4.257426,0.412555,-1.804681,31.110001,-1.804681,31.110001
33,0.006175,0.006512,0.008735,-0.025499,-0.022148,-0.017411,-0.003210,-0.012877,-0.004653,-0.010711,-0.000266,-0.000480,-0.008154,-0.009211,0.006293,-0.001428,0.022101,-0.032285,-0.000151,0.000000,0.100000,0.100000,0.118799,0.117331,0.000000,0.000000,1.000000,0.101954,-0.044647,17.105713,0.000010,1.006366,352.000000,3.942382,0.419202,-1.880914,31.240000,-1.880914,31.240000
34,0.005081,0.005798,0.008676,-0.017712,-0.024517,-0.017272,-0.003309,-0.012496,-0.004621,-0.011255,-0.000263,-0.000476,-0.008383,-0.009783,0.006855,-0.001353,0.024538,-0.036952,-0.000216,0.000000,0.100000,0.100000,0.124071,0.139137,0.000000,0.000000,1.000000,0.099852,-0.047691,17.099926,0.000010,1.006044,335.000000,4.149736,0.434295,-1.901657,30.549999,-1.901657,30.549999
35,0.006764,0.006666,0.008577,-0.013377,-0.022465,-0.016773,-0.002804,-0.013878,-0.004286,-0.010165,-0.000252,-0.000393,-0.007350,-0.009534,0.006155,-0.001339,0.025124,-0.023016,-0.000153,0.000000,0.100000,0.100000,0.116205,0.119709,0.000000,0.000000,1.000000,0.116603,-0.044510,17.098824,0.000010,1.006020,345.000000,3.999385,0.445951,-1.783919,30.170000,-1.783919,30.170000
36,0.008326,0.006738,0.009037,-0.016196,-0.023009,-0.018061,-0.002771,-0.012787,-0.004706,-0.010602,-0.000274,-0.000359,-0.008136,-0.009750,0.007072,-0.001430,0.025688,-0.039777,-0.000169,0.000000,0.100000,0.100000,0.121472,0.128161,0.000000,0.000000,1.000000,0.123595,-0.045365,17.095278,0.000010,1.005599,352.000000,3.978872,0.377671,-1.917583,30.990000,-1.917583,30.990000
37,0.006902,0.006918,0.009156,-0.033515,-0.022103,-0.018256,-0.003235,-0.012937,-0.004929,-0.011460,-0.000280,-0.000375,-0.008898,-0.009672,0.006968,-0.001660,0.021350,-0.050877,-0.000306,0.000000,0.100000,0.100000,0.128217,0.138248,0.000000,0.000000,1.000000,0.119311,-0.046765,17.090710,0.000010,1.005254,341.000000,4.075564,0.419491,-2.206346,31.850000,-2.206346,31.850000
38,0.008141,0.006210,0.009126,-0.006380,-0.024148,-0.017979,-0.003018,-0.012539,-0.004600,-0.012844,-0.000265,-0.000460,-0.007806,-0.009927,0.006898,-0.001513,0.029185,-0.030178,-0.000028,0.000000,0.100000,0.100000,0.122418,0.134202,0.000000,0.000000,1.000000,0.131636,-0.042812,17.084915,0.000010,1.004722,355.000000,3.891421,0.424371,-1.899165,30.900000,-1.899165,30.900000
39,0.006558,0.006545,0.008757,-0.024233,-0.022689,-0.017263,-0.002748,-0.012520,-0.004545,-0.010550,-0.000265,-0.000463,-0.008004,-0.009357,0.006413,-0.001606,0.022474,-0.032652,-0.000175,0.000000,0.100000,0.100000,0.119381,0.131409,0.000000,0.000000,1.000000,0.099994,-0.042370,17.085400,0.000010,1.005000,334.000000,4.125118,0.471967,-1.841850,31.559999,-1.841850,31.559999
40,0.005312,0.006070,0.008648,-0.021664,-0.024559,-0.017077,-0.002698,-0.013261,-0.004481,-0.010909,-0.000267,-0.000436,-0.007546,-0.010238,0.006799,-0.001465,0.022709,-0.031704,-0.000217,0.000000,0.100000,0.100000,0.120677,0.126144,0.000000,0.000000,1.000000,0.106810,-0.044367,17.085821,0.000010,1.004920,340.000000,4.107272,0.403330,-1.904640,31.629999,-1.904640,31.629999
41,0.008725,0.006448,0.008675,-0.011658,-0.022793,-0.017439,-0.002891,-0.012069,-0.004471,-0.012540,-0.000262,-0.000313,-0.007660,-0.009868,0.006862,-0.001520,0.026195,-0.041455,-0.000236,0.000000,0.100000,0.100000,0.116541,0.126141,0.000000,0.000000,1.000000,0.095373,-0.045109,17.088551,0.000010,1.005282,333.000000,4.131390,0.476274,-1.861213,30.850000,-1.861213,30.850000
42,0.007706,0.006839,0.009075,-0.019540,-0.022824,-0.017868,-0.003229,-0.013389,-0.004753,-0.010542,-0.000270,-0.000449,-0.008404,-0.010181,0.006795,-0.001422,0.025152,-0.027003,-0.000047,0.000000,0.100000,0.100000,0.118912,0.133818,0.000000,0.000000,1.000000,0.101783,-0.047414,17.093458,0.000010,1.005739,341.000000,4.061197,0.432066,-1.765109,30.760000,-1.765109,30.760000
43,0.007401,0.006574,0.008460,-0.021304,-0.022182,-0.016667,-0.003396,-0.012578,-0.004623,-0.008938,-0.000258,-0.000296,-0.007800,-0.009491,0.006501,-0.001540,0.022402,-0.041536,-0.000183,0.000000,0.100000,0.100000,0.112445,0.113579,0.000000,0.000000,1.000000,0.087351,-0.043869,17.096766,0.000010,1.005929,362.000000,3.847595,0.391117,-1.883023,30.270000,-1.883023,30.270000
44,0.013912,0.007935,0.010869,-0.017651,-0.025777,-0.021684,-0.003898,-0.014154,-0.005856,-0.014692,-0.000341,-0.000374,-0.010141,-0.012740,0.008372,-0.001795,0.031491,-0.048469,-0.000237,0.000000,0.100000,0.100000,0.127739,0.158448,0.000000,0.000000,1.000000,0.101190,-0.046849,17.095423,0.000010,1.005695,219.000000,6.600767,0.407499,-2.012407,32.700001,-2.012407,32.700001
45,0.009457,0.007134,0.009760,-0.014050,-0.024271,-0.019619,-0.002600,-0.013006,-0.005057,-0.013179,-0.000304,-0.000402,-0.009078,-0.011072,0.007648,-0.001596,0.029004,-0.033517,-0.000075,0.000000,0.100000,0.100000,0.128853,0.137835,0.000000,0.000000,1.000000,0.093836,-0.045873,17.093361,0.000010,1.005557,304.000000,4.302877,0.744650,-1.916704,33.230000,-1.916704,33.230000
46,0.005939,0.006642,0.008966,-0.008396,-0.022418,-0.017656,-0.003678,-0.012188,-0.004687,-0.011026,-0.000270,-0.000356,-0.008412,-0.010397,0.006710,-0.001393,0.028010,-0.037653,-0.000321,0.000000,0.100000,0.100000,0.123286,0.129412,0.000000,0.000000,1.000000,0.095123,-0.045736,17.093168,0.000010,1.005621,313.000000,4.485960,0.411708,-1.759599,31.080000,-1.759599,31.080000
47,0.008056,0.006207,0.008826,-0.024502,-0.022537,-0.017557,-0.002954,-0.012445,-0.004797,-0.012402,-0.000268,-0.000251,-0.007887,-0.010101,0.006314,-0.001498,0.022718,-0.029201,-0.000103,0.000000,0.100000,0.100000,0.111578,0.123098,0.000000,0.000000,1.000000,0.120156,-0.042557,17.091253,0.000010,1.005313,330.000000,4.206892,0.444641,-1.802843,30.360001,-1.802843,30.360001
48,0.003192,0.006401,0.008387,-0.017747,-0.023123,-0.016973,-0.003001,-0.012338,-0.004731,-0.012685,-0.000259,-0.000277,-0.007884,-0.009632,0.005615,-0.001349,0.022871,-0.043244,-0.000228,0.000000,0.100000,0.100000,0.123757,0.119806,0.000000,0.000000,1.000000,0.087151,-0.044272,17.084805,0.000010,1.004720,338.000000,4.154995,0.389132,-1.915542,30.100000,-1.915542,30.100000
49,0.007884,0.006468,0.008605,-0.023618,-0.022893,-0.017832,-0.003264,-0.012783,-0.004825,-0.011321,-0.000282,-0.000387,-0.008173,-0.009986,0.006342,-0.001531,0.022578,-0.031154,-0.000222,0.000000,0.100000,0.100000,0.117996,0.125237,0.000000,0.000000,1.000000,0.125130,-0.043170,17.081646,0.000010,1.004585,351.000000,3.961337,0.402496,-1.964702,29.920000,-1.964702,29.920000
50,0.007563,0.007123,0.008839,-0.015826,-0.022742,-0.017579,-0.002892,-0.012843,-0.004587,-0.014242,-0.000267,-0.000324,-0.007866,-0.010460,0.006428,-0.001469,0.025239,-0.038106,-0.000036,0.000000,0.100000,0.100000,0.119115,0.122376,0.000000,0.000000,1.000000,0.110300,-0.044808,17.082308,0.000010,1.004728,361.000000,3.790117,0.464387,-1.883438,30.370001,-1.883438,30.370001
51,0.005288,0.006323,0.008397,-0.012947,-0.023669,-0.017215,-0.003046,-0.012160,-0.004720,-0.010543,-0.000267,-0.000307,-0.007598,-0.010576,0.006163,-0.001452,0.024733,-0.022787,-0.000217,0.000000,0.100000,0.100000,0.118424,0.127248,0.000000,0.000000,1.000000,0.101196,-0.045049,17.086092,0.000010,1.005094,345.000000,4.027184,0.422169,-1.730892,29.690001,-1.730892,29.690001
52,0.010591,0.006875,0.009218,-0.022810,-0.023661,-0.018779,-0.003478,-0.012983,-0.004897,-0.012041,-0.000283,-0.000394,-0.007760,-0.010654,0.006672,-0.001453,0.024648,-0.048114,-0.000075,0.000000,0.100000,0.100000,0.115093,0.131394,0.000000,0.000000,1.000000,0.095446,-0.039699,17.091688,0.000010,1.005613,343.000000,4.033908,0.438589,-1.987705,30.309999,-1.987705,30.309999
53,0.006447,0.006384,0.008301,-0.011608,-0.020751,-0.016925,-0.002910,-0.013169,-0.004509,-0.011817,-0.000262,-0.000638,-0.007269,-0.010211,0.005509,-0.001532,0.024856,-0.028012,-0.000050,0.000000,0.100000,0.100000,0.112407,0.110434,0.000000,0.000000,1.000000,0.139267,-0.042907,17.102331,0.000010,1.006692,333.000000,4.240684,0.370384,-2.023930,30.420000,-2.023930,30.420000
54,0.012870,0.008479,0.010118,-0.032809,-0.025488,-0.020554,-0.003276,-0.012745,-0.005065,-0.014345,-0.000310,-0.000528,-0.009644,-0.013475,0.007412,-0.001689,0.023933,-0.047314,-0.000782,0.000000,0.100000,0.100000,0.119265,0.129610,0.000000,0.000000,1.000000,0.138610,-0.046085,17.108070,0.000010,1.006892,260.000000,5.463077,0.441360,-1.961862,31.180000,-1.961862,31.180000
55,0.008740,0.006990,0.009225,-0.019590,-0.021744,-0.018801,-0.003173,-0.012952,-0.005084,-0.013542,-0.000284,-0.000306,-0.008135,-0.010496,0.006427,-0.001457,0.025713,-0.040232,-0.000206,0.000000,0.100000,0.100000,0.117467,0.131360,0.000000,0.000000,1.000000,0.130831,-0.038606,17.109577,0.000010,1.007015,339.000000,4.067558,0.459795,-2.124014,32.240002,-2.124014,32.240002
56,0.006396,0.007002,0.008669,-0.013852,-0.022306,-0.017702,-0.002554,-0.012214,-0.004567,-0.012543,-0.000267,-0.000410,-0.007470,-0.009967,0.006404,-0.001435,0.025277,-0.031242,-0.000124,0.000000,0.100000,0.100000,0.119381,0.116216,0.000000,0.000000,1.000000,0.080813,-0.046298,17.111908,0.000010,1.007233,347.000000,4.018705,0.395840,-2.014706,31.080000,-2.014706,31.080000
57,0.011280,0.006464,0.009347,-0.020700,-0.023630,-0.018983,-0.003289,-0.012729,-0.004953,-0.012280,-0.000288,-0.000416,-0.008380,-0.012098,0.006313,-0.001440,0.025199,-0.037394,-0.000063,0.000000,0.100000,0.100000,0.112544,0.139069,0.000000,0.000000,1.000000,0.093276,-0.042555,17.114767,0.000010,1.007494,342.000000,4.031390,0.452896,-1.871841,31.480000,-1.871841,31.480000
58,0.008058,0.005756,0.008587,-0.023818,-0.022056,-0.017195,-0.003731,-0.013026,-0.004702,-0.010256,-0.000264,-0.000420,-0.007741,-0.010082,0.006198,-0.001583,0.021785,-0.031925,-0.000042,0.000000,0.100000,0.100000,0.112499,0.137168,0.000000,0.000000,1.000000,0.106083,-0.047538,17.115980,0.000010,1.007500,335.000000,4.117405,0.467399,-1.776134,30.520000,-1.776134,30.520000
59,0.007108,0.006219,0.008864,-0.015730,-0.024230,-0.017981,-0.003194,-0.012470,-0.004609,-0.010932,-0.000270,-0.000656,-0.008248,-0.010915,0.005928,-0.001364,0.025451,-0.048019,-0.000103,0.000000,0.100000,0.100000,0.118220,0.134817,0.000000,0.000000,1.000000,0.089984,-0.048739,17.115416,0.000010,1.007454,341.000000,4.095048,0.398628,-1.896186,29.740000,-1.896186,29.740000
60,0.006638,0.006986,0.008346,-0.022025,-0.022063,-0.016992,-0.002697,-0.012268,-0.004451,-0.010706,-0.000251,-0.000405,-0.006935,-0.009770,0.005832,-0.001336,0.021868,-0.030501,-0.000083,0.000000,0.100000,0.100000,0.112765,0.110979,0.000000,0.000000,1.000000,0.095520,-0.041797,17.116770,0.000010,1.007624,363.000000,3.830800,0.397823,-1.828826,28.629999,-1.828826,28.629999
61,0.004641,0.005995,0.007858,-0.013184,-0.020268,-0.015902,-0.002857,-0.013314,-0.004342,-0.008170,-0.000247,-0.000349,-0.007252,-0.009274,0.005930,-0.001309,0.022735,-0.035692,-0.000209,0.000000,0.100000,0.100000,0.113668,0.114226,0.000000,0.000000,1.000000,0.117842,-0.041064,17.116661,0.000010,1.007537,370.000000,3.752995,0.391464,-1.831342,26.980000,-1.831342,26.980000
62,0.004460,0.006585,0.007965,-0.015478,-0.021772,-0.016280,-0.002312,-0.012033,-0.004297,-0.009079,-0.000246,-0.000505,-0.007201,-0.009095,0.006342,-0.001379,0.022730,-0.038328,-0.000122,0.000000,0.100000,0.100000,0.112364,0.109560,0.000000,0.000000,1.000000,0.128317,-0.044802,17.121691,0.000010,1.008202,357.000000,3.885585,0.413494,-1.925212,27.750000,-1.925212,27.750000
63,0.011388,0.006066,0.008933,-0.017855,-0.023190,-0.018012,-0.002797,-0.012276,-0.004589,-0.011199,-0.000263,-0.000572,-0.008007,-0.011014,0.007010,-0.001341,0.024960,-0.038591,-0.000168,0.000000,0.100000,0.100000,0.109208,0.134394,0.000000,0.000000,1.000000,0.091439,-0.041282,17.129440,0.000010,1.008809,354.000000,3.959633,0.373594,-2.014748,29.850000,-2.014748,29.850000
64,0.007372,0.006871,0.008576,-0.016529,-0.022678,-0.017627,-0.002857,-0.012667,-0.004591,-0.011529,-0.000262,-0.000337,-0.007786,-0.010342,0.006570,-0.001388,0.024295,-0.043392,-0.000133,0.000000,0.100000,0.100000,0.114007,0.116112,0.000000,0.000000,1.000000,0.108714,-0.043644,17.135693,0.000010,1.009300,343.000000,4.097277,0.377991,-1.968560,30.110001,-1.968560,30.110001
65,0.005487,0.005672,0.007968,-0.019907,-0.021307,-0.016452,-0.002686,-0.011976,-0.004366,-0.010168,-0.000247,-0.000318,-0.007178,-0.009457,0.005875,-0.001387,0.021453,-0.032201,-0.000144,0.000000,0.100000,0.100000,0.107654,0.113218,0.000000,0.000000,1.000000,0.089699,-0.044212,17.139091,0.000010,1.009516,351.000000,3.978321,0.391241,-1.756752,27.870001,-1.756752,27.870001
66,0.003952,0.006306,0.007920,-0.024047,-0.020961,-0.016217,-0.002589,-0.012541,-0.004299,-0.009555,-0.000246,-0.000406,-0.007371,-0.009490,0.005818,-0.001327,0.019816,-0.038597,-0.000118,0.000000,0.100000,0.100000,0.117391,0.108865,0.000000,0.000000,1.000000,0.083924,-0.042748,17.139509,0.000010,1.009471,342.000000,4.085208,0.393250,-1.796498,27.280001,-1.796498,27.280001
67,0.009282,0.007565,0.009441,-0.024365,-0.024557,-0.019472,-0.003034,-0.012306,-0.005127,-0.015358,-0.000303,-0.000481,-0.009150,-0.011470,0.006692,-0.001446,0.024443,-0.032554,-0.000038,0.000000,0.100000,0.100000,0.116253,0.129098,0.000000,0.000000,1.000000,0.086779,-0.041654,17.140335,0.000010,1.009618,332.000000,4.154355,0.459694,-1.854340,29.190001,-1.854340,29.190001
68,0.008028,0.005809,0.008113,-0.023213,-0.022132,-0.016729,-0.002834,-0.011597,-0.004367,-0.010571,-0.000255,-0.000323,-0.007108,-0.009640,0.005679,-0.001374,0.020759,-0.014841,-0.000111,0.000000,0.100000,0.100000,0.106242,0.121304,0.000000,0.000000,1.000000,0.081007,-0.038348,17.141636,0.000010,1.009687,341.000000,4.069568,0.427179,-1.681591,28.730000,-1.681591,28.730000
69,0.003770,0.005641,0.007394,-0.009382,-0.019842,-0.015212,-0.003845,-0.015269,-0.003998,-0.008761,-0.000232,-0.000413,-0.006684,-0.008883,0.005234,-0.001138,0.022315,-0.031207,-0.000044,0.000000,0.100000,0.100000,0.105584,0.107226,0.000000,0.000000,1.000000,0.106494,-0.040889,17.142336,0.000010,1.009760,338.000000,4.135059,0.406196,-1.649774,27.120001,-1.649774,27.120001
70,0.009044,0.006247,0.009164,-0.018783,-0.022952,-0.018897,-0.002839,-0.012887,-0.005098,-0.010331,-0.000290,-0.000348,-0.008661,-0.010966,0.006501,-0.001520,0.025645,-0.041805,-0.000120,0.000000,0.100000,0.100000,0.111233,0.145211,0.000000,0.000000,1.000000,0.104178,-0.041274,17.141647,0.000010,1.009638,335.000000,4.141889,0.435649,-1.799669,28.780001,-1.799669,28.780001
71,0.006712,0.006075,0.007854,-0.020496,-0.020602,-0.016115,-0.002740,-0.012087,-0.004242,-0.013571,-0.000239,-0.000395,-0.006832,-0.009677,0.005806,-0.001262,0.020716,-0.025559,-0.000036,0.000000,0.100000,0.100000,0.106106,0.110602,0.000000,0.000000,1.000000,0.111310,-0.033948,17.140099,0.000010,1.009534,349.000000,3.944697,0.450863,-1.854517,28.760000,-1.854517,28.760000
72,0.009709,0.006930,0.009022,-0.020614,-0.022646,-0.018462,-0.003019,-0.013990,-0.004956,-0.014955,-0.000284,-0.000356,-0.008583,-0.011036,0.006512,-0.001384,0.024798,-0.033020,-0.000089,0.000000,0.100000,0.100000,0.110600,0.124155,0.000000,0.000000,1.000000,0.092860,-0.046620,17.140949,0.000010,1.009690,328.000000,4.252600,0.421049,-1.877659,28.709999,-1.877659,28.709999
73,0.009208,0.006814,0.008684,-0.016773,-0.021813,-0.017633,-0.002536,-0.012302,-0.004669,-0.012566,-0.000262,-0.000322,-0.007948,-0.010310,0.005774,-0.001323,0.024644,-0.026447,-0.000148,0.000000,0.100000,0.100000,0.110490,0.120852,0.000000,0.000000,1.000000,0.098058,-0.039347,17.143816,0.000010,1.009930,346.000000,4.075093,0.362213,-1.807340,29.049999,-1.807340,29.049999
74,0.010396,0.006929,0.009128,-0.011995,-0.021852,-0.018821,-0.002872,-0.012564,-0.005110,-0.010981,-0.000288,-0.000332,-0.008696,-0.011274,0.006131,-0.001460,0.027507,-0.045268,-0.000050,0.000000,0.100000,0.100000,0.110878,0.124689,0.000000,0.000000,1.000000,0.107727,-0.045944,17.145763,0.000010,1.010104,349.000000,3.939342,0.450902,-1.745583,29.910000,-1.745583,29.910000
75,0.004383,0.006272,0.008053,-0.024478,-0.022069,-0.016651,-0.002780,-0.012244,-0.004625,-0.011680,-0.000248,-0.000387,-0.007288,-0.009283,0.005452,-0.001393,0.020201,-0.026041,-0.000072,0.000000,0.100000,0.100000,0.111965,0.114646,0.000000,0.000000,1.000000,0.107357,-0.043918,17.149483,0.000010,1.010437,338.000000,4.109262,0.428328,-1.789537,28.500000,-1.789537,28.500000
76,0.012531,0.006862,0.009123,-0.029695,-0.022230,-0.018787,-0.003044,-0.013145,-0.004961,-0.011151,-0.000282,-0.000448,-0.008098,-0.011396,0.006318,-0.001419,0.022218,-0.026670,-0.000071,0.000000,0.100000,0.100000,0.105098,0.129995,0.000000,0.000000,1.000000,0.092682,-0.038997,17.151527,0.000010,1.010515,344.000000,4.019810,0.437325,-1.873694,29.049999,-1.873694,29.049999
77,0.009246,0.006266,0.008634,-0.014043,-0.022584,-0.017590,-0.002775,-0.012756,-0.004551,-0.013174,-0.000260,-0.000359,-0.007401,-0.009971,0.005836,-0.001183,0.025229,-0.037972,-0.000267,0.000000,0.100000,0.100000,0.110439,0.130143,0.000000,0.000000,1.000000,0.150463,-0.039047,17.151632,0.000010,1.010522,339.000000,4.075654,0.446706,-1.939028,30.500000,-1.939028,30.500000
78,0.007696,0.006699,0.008732,-0.018309,-0.022634,-0.017823,-0.002675,-0.012497,-0.004811,-0.014853,-0.000273,-0.000419,-0.008186,-0.010903,0.006236,-0.001418,0.024499,-0.037411,-0.000250,0.000000,0.100000,0.100000,0.117427,0.126689,0.000000,0.000000,1.000000,0.098539,-0.044088,17.154936,0.000010,1.010904,290.000000,4.879440,0.406910,-1.907054,29.959999,-1.907054,29.959999
79,0.008419,0.007538,0.008654,-0.022778,-0.021447,-0.017977,-0.002793,-0.012756,-0.004778,-0.011318,-0.000273,-0.000376,-0.007699,-0.010210,0.006131,-0.001293,0.022575,-0.034998,-0.000106,0.000000,0.100000,0.100000,0.107689,0.115641,0.000000,0.000000,1.000000,0.106625,-0.036986,17.159012,0.000010,1.011230,424.000000,3.221001,0.393455,-1.898512,30.549999,-1.898512,30.549999
80,0.004395,0.005687,0.007564,-0.013343,-0.019664,-0.015657,-0.008361,-0.014281,-0.004209,-0.012966,-0.000240,-0.000423,-0.006683,-0.009261,0.005534,-0.001215,0.021529,-0.031923,-0.000067,0.000000,0.100000,0.100000,0.105664,0.109671,0.000000,0.000000,1.000000,0.103217,-0.036572,17.161976,0.000010,1.011419,363.000000,3.799359,0.423852,-1.831208,28.520000,-1.831208,28.520000
81,0.004700,0.006293,0.007985,-0.023034,-0.019983,-0.016403,-0.003110,-0.013181,-0.004439,-0.011861,-0.000255,-0.000393,-0.007413,-0.009897,0.005359,-0.001511,0.020445,-0.030955,-0.000011,0.000000,0.100000,0.100000,0.111060,0.111531,0.000000,0.000000,1.000000,0.089843,-0.046537,17.162115,0.000010,1.011415,259.000000,5.507620,0.404680,-1.866520,26.370001,-1.866520,26.370001
82,0.010514,0.005922,0.008460,-0.017842,-0.020931,-0.017541,-0.002542,-0.013136,-0.004496,-0.013791,-0.000260,-0.000559,-0.007487,-0.009821,0.006554,-0.001364,0.023708,-0.041977,-0.000465,0.000000,0.100000,0.100000,0.103414,0.123187,0.000000,0.000000,1.000000,0.100961,-0.041266,17.162533,0.000010,1.011422,358.000000,3.915749,0.369206,-1.853145,29.059999,-1.853145,29.059999
83,0.005874,0.005638,0.008379,-0.018783,-0.020832,-0.017437,-0.002807,-0.013077,-0.004756,-0.012783,-0.000269,-0.000531,-0.007605,-0.010641,0.005672,-0.001354,0.023031,-0.043946,-0.000156,0.000000,0.100000,0.100000,0.108859,0.125162,0.000000,0.000000,1.000000,0.121669,-0.039970,17.159786,0.000010,1.011112,343.000000,4.061046,0.415728,-1.877678,29.020000,-1.877678,29.020000
84,0.006097,0.006017,0.008132,-0.018604,-0.021505,-0.016623,-0.003093,-0.012968,-0.004474,-0.009713,-0.000258,-0.000534,-0.007205,-0.010625,0.005507,-0.001225,0.022223,-0.042435,-0.000052,0.000000,0.100000,0.100000,0.109375,0.119495,0.000000,0.000000,1.000000,0.107877,-0.033970,17.157337,0.000010,1.010956,338.000000,4.133163,0.398099,-2.073848,28.209999,-2.073848,28.209999
85,0.006755,0.005928,0.007943,-0.014348,-0.020623,-0.016542,-0.002618,-0.012896,-0.004325,-0.011495,-0.000251,-0.000522,-0.007116,-0.010164,0.005602,-0.001185,0.022837,-0.036361,-0.000114,0.000000,0.100000,0.100000,0.105211,0.117835,0.000000,0.000000,1.000000,0.117546,-0.040854,17.156168,0.000010,1.010871,347.000000,3.992357,0.422616,-1.923234,28.180000,-1.923234,28.180000
86,0.004510,0.005879,0.007830,-0.018438,-0.022015,-0.016059,-0.002651,-0.012019,-0.004300,-0.010353,-0.000247,-0.000720,-0.007132,-0.010974,0.005417,-0.001269,0.021494,-0.026228,-0.000167,0.000000,0.100000,0.100000,0.104212,0.107886,0.000000,0.000000,1.000000,0.093715,-0.041981,17.156128,0.000010,1.010921,344.000000,4.036756,0.421236,-1.781040,27.490000,-1.781040,27.490000
87,0.007344,0.006219,0.008324,-0.026732,-0.021742,-0.017421,-0.002423,-0.012639,-0.004498,-0.010620,-0.000264,-0.000554,-0.007377,-0.010737,0.005802,-0.001301,0.020418,-0.034806,-0.000138,0.000000,0.100000,0.100000,0.109859,0.117627,0.000000,0.000000,1.000000,0.131603,-0.042975,17.156815,0.000010,1.010963,352.000000,3.969138,0.389274,-1.878383,28.400000,-1.878383,28.400000
88,0.007466,0.005958,0.008047,-0.016607,-0.020236,-0.016920,-0.002825,-0.013231,-0.004483,-0.011470,-0.000260,-0.000637,-0.007113,-0.010256,0.005318,-0.001285,0.022404,-0.032895,-0.000139,0.000000,0.100000,0.100000,0.100220,0.119787,0.000000,0.000000,1.000000,0.105227,-0.038478,17.155373,0.000010,1.010760,336.000000,4.169042,0.400994,-1.869339,27.530001,-1.869339,27.530001
89,0.004083,0.004935,0.007261,-0.011731,-0.020303,-0.014838,-0.002353,-0.012686,-0.003844,-0.007631,-0.000225,-0.000726,-0.006691,-0.009481,0.005238,-0.001167,0.021253,-0.034018,-0.000033,0.000000,0.100000,0.100000,0.101266,0.106417,0.000000,0.000000,1.000000,0.105746,-0.043132,17.152563,0.000010,1.010532,357.000000,3.876588,0.418901,-1.814098,25.290001,-1.814098,25.290001
90,0.006002,0.005649,0.007903,-0.018247,-0.020713,-0.016264,-0.002623,-0.012751,-0.004293,-0.010873,-0.000247,-0.000948,-0.007041,-0.010639,0.004961,-0.001161,0.021804,-0.025483,-0.000108,0.000000,0.100000,0.100000,0.102544,0.111891,0.000000,0.000000,1.000000,0.098286,-0.042444,17.150497,0.000010,1.010368,404.000000,3.454722,0.342958,-1.760099,25.809999,-1.760099,25.809999
91,0.006040,0.005923,0.007534,-0.018951,-0.019658,-0.015533,-0.002367,-0.012442,-0.004095,-0.009793,-0.000234,-0.000538,-0.006481,-0.009630,0.005577,-0.001254,0.020274,-0.023416,-0.000082,0.000000,0.100000,0.100000,0.096324,0.104343,0.000000,0.000000,1.000000,0.082917,-0.043228,17.150412,0.000010,1.010432,358.000000,3.905635,0.383432,-1.669529,26.240000,-1.669529,26.240000
92,0.007985,0.005869,0.007935,-0.022672,-0.020201,-0.016253,-0.002343,-0.012769,-0.004301,-0.010439,-0.000246,-0.000704,-0.007118,-0.010346,0.005340,-0.001327,0.020264,-0.031542,-0.000122,0.000000,0.100000,0.100000,0.097022,0.114517,0.000000,0.000000,1.000000,0.094605,-0.039865,17.151752,0.000010,1.010570,458.000000,3.013218,0.333930,-1.709291,27.360001,-1.709291,27.360001
93,0.003847,0.005972,0.007487,-0.012045,-0.019859,-0.015609,-0.002491,-0.012061,-0.003874,-0.008836,-0.000230,-0.000681,-0.006856,-0.009187,0.004342,-0.001109,0.021984,-0.021659,-0.000088,0.000000,0.100000,0.100000,0.109447,0.101513,0.000000,0.000000,1.000000,0.112256,-0.040864,17.152458,0.000010,1.010563,384.000000,3.590087,0.404399,-1.636353,26.850000,-1.636353,26.850000
94,0.004489,0.005739,0.008125,-0.028087,-0.020823,-0.016986,-0.002804,-0.013049,-0.004502,-0.010354,-0.000259,-0.000562,-0.007896,-0.010574,0.005545,-0.001221,0.019196,-0.043533,-0.000083,0.000000,0.100000,0.100000,0.114483,0.121156,0.000000,0.000000,1.000000,0.079219,-0.042008,17.152136,0.000010,1.010580,359.000000,3.848530,0.420917,-1.874325,26.469999,-1.874325,26.469999
95,0.006736,0.006481,0.008290,-0.010848,-0.021065,-0.017134,-0.002763,-0.013056,-0.004535,-0.011839,-0.000267,-0.000640,-0.007853,-0.010606,0.006116,-0.001326,0.025096,-0.037593,-0.000114,0.000000,0.100000,0.100000,0.108529,0.113128,0.000000,0.000000,1.000000,0.099906,-0.046053,17.153032,0.000076,1.010599,365.000000,3.772652,0.425868,-1.847078,27.850000,-1.847078,27.850000
96,0.006000,0.005579,0.007446,-0.013474,-0.019766,-0.015410,-0.002810,-0.014203,-0.004136,-0.010616,-0.000240,-0.000757,-0.006770,-0.009514,0.005145,-0.001154,0.021566,-0.029274,-0.000092,0.000000,0.100000,0.100000,0.099920,0.111510,0.000000,0.000000,1.000000,0.102187,-0.035989,17.149494,0.000010,1.010280,361.000000,3.775819,0.473056,-1.700605,27.559999,-1.700605,27.559999
97,0.007005,0.005792,0.007658,-0.021264,-0.019874,-0.016127,-0.002469,-0.012668,-0.004322,-0.009593,-0.000248,-0.000578,-0.006566,-0.010193,0.005660,-0.001325,0.019934,-0.046906,-0.000021,0.000000,0.100000,0.100000,0.095257,0.102914,0.000000,0.000000,1.000000,0.101744,-0.044180,17.149481,0.000010,1.010334,356.000000,3.897667,0.408720,-2.057725,27.209999,-2.057725,27.209999
98,0.004031,0.006105,0.007300,-0.015522,-0.019133,-0.015207,-0.002576,-0.012177,-0.004117,-0.011551,-0.000231,-0.000839,-0.006622,-0.009135,0.005253,-0.001186,0.020582,-0.030927,-0.000064,0.000000,0.100000,0.100000,0.101893,0.101258,0.000000,0.000000,1.000000,0.098798,-0.046544,17.155127,0.000010,1.011172,352.000000,3.941352,0.413747,-1.957096,26.799999,-1.957096,26.799999
99,0.003246,0.005288,0.007120,-0.018269,-0.018993,-0.015089,-0.002569,-0.012494,-0.003954,-0.009727,-0.000227,-0.000720,-0.006447,-0.008857,0.005129,-0.001200,0.019010,-0.032438,-0.000147,0.000000,0.100000,0.100000,0.103956,0.107503,0.000000,0.000000,1.000000,0.120457,-0.043782,17.162136,0.000010,1.011500,362.000000,3.854066,0.379577,-1.837977,25.020000,-1.837977,25.020000
