# JOINT_HIP_PITCH_L,JOINT_HIP_ROLL_L,JOINT_HIP_YAW_L,JOINT_KNEE_PITCH_L,JOINT_ANKLE_PITCH_L,JOINT_ANKLE_ROLL_L,JOINT_HIP_PITCH_R,JOINT_HIP_ROLL_R,JOINT_HIP_YAW_R,JOINT_KNEE_PITCH_R,JOINT_ANKLE_PITCH_R,JOINT_ANKLE_ROLL_R,joint_la1,joint_ra1
0.0000,0.0000,0.0000,0.0000,0.0000,0.0000,0.0000,0.0000,0.0000,0.0000,0.0000,0.0000,0.0000,0.0000
-31.4982,0.0000,-0.0000,28.3255,-8.1423,0.0000,12.2707,0.0000,-0.0000,6.2580,-11.9794,-0.0000,-6.4792,9.9063
-31.4926,0.0000,-0.0000,25.9855,-8.9294,0.0000,15.3450,0.0000,-0.0000,2.4212,-10.6927,-0.0000,-6.8077,10.5167
-30.7171,0.0000,-0.0000,24.6817,-9.9795,0.0000,19.2258,0.0000,-0.0000,0.0000,-9.6397,-0.0000,-7.3151,11.1668
-30.6133,0.0000,-0.0000,25.1612,-10.2136,0.0000,20.7138,0.0000,-0.0000,0.0000,-8.9055,-0.0000,-7.5563,11.5102
-30.1300,0.0000,-0.0000,27.1927,-10.4356,0.0000,22.7465,0.0000,-0.0000,0.0000,-7.3250,-0.0000,-8.1882,10.7915
-30.3842,0.0000,-0.0000,28.8970,-9.5834,0.0000,23.1512,0.0000,-0.0000,1.5529,-6.2917,-0.0000,-8.4552,10.0187
-30.3580,0.0000,-0.0000,30.4119,-8.4682,-0.0000,22.1438,0.0000,-0.0000,5.7094,-5.1598,-0.0000,-8.2480,9.4499
-29.8997,0.0000,-0.0000,32.1045,-6.2326,-0.0000,20.6064,0.0000,-0.0000,11.6738,-2.7432,0.0000,-8.5633,7.5834
-28.9526,0.0000,-0.0000,33.1750,-6.3941,-0.0000,18.7718,0.0000,-0.0000,16.6926,-0.5486,0.0000,-8.2028,6.1319
-27.2220,0.0000,-0.0000,34.0054,-7.4078,0.0000,15.1810,0.0000,0.0000,25.5266,2.2338,0.0000,-7.4575,4.2181
-25.5962,0.0000,-0.0000,34.1023,-8.1128,0.0000,12.6722,0.0000,0.0000,31.5422,3.1073,0.0000,-6.8313,3.3601
-23.6820,0.0000,-0.0000,33.8658,-9.0277,0.0000,9.9665,0.0000,0.0000,37.5256,2.8403,0.0000,-6.2439,2.4864
-20.8068,-0.0000,-0.0000,32.4524,-9.9907,0.0000,4.8926,-0.0000,0.0000,45.4942,2.7759,0.0000,-5.0416,1.5982
-18.6897,-0.0000,-0.0000,31.3055,-10.1626,0.0000,1.7991,-0.0000,0.0000,49.4678,2.5684,0.0000,-4.7698,0.5429
-15.4685,-0.0000,-0.0000,29.3679,-10.9423,0.0000,-2.8382,-0.0000,0.0000,53.9263,0.8802,0.0000,-4.0647,-0.7863
-13.1356,-0.0000,-0.0000,27.9986,-11.2941,0.0000,-5.7799,-0.0000,0.0000,55.8371,-0.7745,0.0000,-3.9944,-1.7708
-10.6827,-0.0000,-0.0000,26.5954,-11.6377,0.0000,-8.6798,-0.0000,0.0000,56.8738,-2.7411,0.0000,-3.2619,-2.5218
-7.9682,-0.0000,-0.0000,25.2798,-12.3635,0.0000,-12.7138,-0.0000,0.0000,57.1208,-5.1343,0.0000,-3.5351,-5.0954
-6.4850,-0.0000,-0.0000,25.1374,-12.6463,0.0000,-15.4731,-0.0000,0.0000,56.3778,-6.8191,0.0000,-2.3906,-5.5335
-4.0186,-0.0000,-0.0000,24.5250,-13.5946,0.0000,-18.9143,-0.0000,0.0000,53.8151,-8.3353,0.0000,-1.4962,-7.4354
-2.0848,-0.0000,-0.0000,23.7481,-14.0116,0.0000,-20.5302,-0.0000,0.0000,50.9318,-10.0593,0.0000,-0.8473,-8.7912
-0.0394,-0.0000,-0.0000,22.7286,-14.2058,0.0000,-21.6870,-0.0000,0.0000,47.3819,-10.6347,-0.0000,0.3131,-9.9872
3.0833,-0.0000,-0.0000,20.4618,-14.2210,0.0000,-23.1983,-0.0000,0.0000,41.2462,-10.9446,-0.0000,1.8430,-11.2655
4.9410,-0.0000,-0.0000,18.8913,-13.9120,0.0000,-23.9630,-0.0000,0.0000,36.5089,-11.1761,-0.0000,2.8900,-12.1508
7.6970,-0.0000,-0.0000,16.1128,-13.3489,0.0000,-24.2967,-0.0000,0.0000,29.1089,-11.5865,-0.0000,4.6693,-12.8652
9.8858,-0.0000,0.0000,13.6456,-12.5194,0.0000,-24.3626,-0.0000,0.0000,24.8804,-12.0824,-0.0000,5.6132,-12.9915
11.9809,-0.0000,0.0000,11.2154,-11.3708,0.0000,-24.3810,-0.0000,0.0000,21.5474,-12.9215,-0.0000,6.0254,-13.5343
15.2861,-0.0000,0.0000,8.1949,-9.8354,0.0000,-25.5650,-0.0000,0.0000,18.9001,-13.3051,-0.0000,6.8029,-13.7587
17.2784,-0.0000,0.0000,7.2116,-8.8682,0.0000,-25.8638,-0.0000,0.0000,18.5889,-13.0754,-0.0000,6.7682,-13.6669
18.9246,-0.0000,0.0000,8.4671,-8.0104,0.0000,-25.0848,-0.0000,0.0000,19.6816,-12.7940,-0.0000,6.4735,-13.3875
19.5838,-0.0000,0.0000,9.9781,-7.3567,0.0000,-24.5526,-0.0000,0.0000,21.4802,-11.5196,-0.0000,5.8352,-12.8944
19.5138,-0.0000,0.0000,11.8950,-6.2705,0.0000,-24.7650,-0.0000,0.0000,23.7302,-10.6306,-0.0000,5.0388,-12.3985
18.3377,-0.0000,0.0000,16.6222,-3.4584,0.0000,-24.3894,-0.0000,0.0000,27.1991,-10.1971,0.0000,3.4062,-11.5787
16.9640,-0.0000,0.0000,20.7594,-1.0252,-0.0000,-23.8931,-0.0000,0.0000,29.0018,-9.2529,0.0000,2.1579,-10.8143
14.4729,-0.0000,0.0000,27.9789,3.7023,0.0000,-22.0936,-0.0000,0.0000,31.1426,-9.7771,-0.0000,0.2248,-9.8064
12.0176,-0.0000,0.0000,33.5210,7.1292,0.0000,-21.0026,-0.0000,0.0000,32.0574,-10.6841,-0.0000,-0.3987,-8.8216
9.1073,-0.0000,0.0000,39.1841,8.8189,0.0000,-19.6156,0.0000,0.0000,32.2127,-11.4355,-0.0000,-1.2064,-7.9549
4.0182,-0.0000,0.0000,47.4017,6.4728,-0.0000,-17.5260,0.0000,0.0000,31.5594,-11.8789,-0.0000,-1.9122,-6.7873
0.6586,-0.0000,-0.0000,51.9851,3.4569,-0.0000,-16.0769,0.0000,0.0000,31.0262,-12.1823,-0.0000,-2.2733,-5.8526
-3.8858,-0.0000,-0.0000,57.1589,0.1539,-0.0000,-13.0596,0.0000,0.0000,29.5938,-12.5740,-0.0000,-3.2443,-4.6119
-6.5506,0.0000,-0.0000,59.5667,-0.4834,-0.0000,-10.4021,0.0000,0.0000,28.1952,-12.9702,-0.0000,-3.9676,-3.7093
-9.3982,0.0000,-0.0000,61.1526,-1.4609,-0.0000,-8.6054,0.0000,0.0000,26.9905,-13.1485,-0.0000,-4.6341,-2.7543
-13.4868,0.0000,-0.0000,61.9057,-2.2191,-0.0000,-6.3069,0.0000,0.0000,25.9663,-13.8729,-0.0000,-5.7173,-1.4766
-16.2195,0.0000,-0.0000,61.6158,-3.0415,-0.0000,-5.2395,0.0000,0.0000,25.3250,-13.9273,-0.0000,-6.3689,-0.6119
-19.4778,0.0000,-0.0000,60.1009,-3.9332,-0.0000,-2.3494,0.0000,0.0000,23.7219,-14.3593,-0.0000,-7.3137,0.7459
-21.1946,0.0000,-0.0000,57.8541,-5.1524,-0.0000,-0.6548,0.0000,0.0000,23.0042,-14.5081,-0.0000,-7.9904,2.1266
-22.5416,0.0000,-0.0000,54.6344,-6.3984,0.0000,0.9137,0.0000,0.0000,22.2463,-14.5120,-0.0000,-8.3780,3.2660
-24.0866,0.0000,-0.0000,48.6087,-6.9414,0.0000,3.7901,0.0000,0.0000,19.8367,-14.0678,-0.0000,-9.0110,4.7753
-24.7666,0.0000,-0.0000,43.8326,-6.9859,0.0000,6.2658,0.0000,-0.0000,17.3906,-13.0148,-0.0000,-9.2019,6.0827
-25.3032,0.0000,-0.0000,35.5804,-7.5127,0.0000,9.5786,0.0000,-0.0000,13.9624,-11.8150,-0.0000,-9.5045,7.6264
-25.1214,0.0000,-0.0000,30.2313,-7.8895,0.0000,11.7148,0.0000,-0.0000,11.8292,-10.6615,-0.0000,-8.9639,9.1416
-24.8732,0.0000,-0.0000,25.8221,-8.7339,0.0000,14.0182,0.0000,-0.0000,9.3150,-9.3342,-0.0000,-9.0444,9.7488
-24.3702,0.0000,-0.0000,21.6425,-10.0959,0.0000,18.8346,0.0000,-0.0000,4.1109,-6.1428,-0.0000,-9.0545,10.5509
-24.2273,0.0000,-0.0000,20.8387,-11.0023,0.0000,22.7706,0.0000,-0.0000,0.0000,-4.0591,-0.0000,-9.2939,10.4762
-24.0544,0.0000,-0.0000,21.5902,-10.4181,0.0000,24.8454,0.0000,-0.0000,1.1715,-3.1851,-0.0000,-9.3220,10.3114
-24.5562,0.0000,-0.0000,23.5470,-7.1829,0.0000,23.5006,0.0000,-0.0000,6.6471,-3.6221,-0.0000,-9.4074,9.5567
-25.2398,0.0000,-0.0000,26.5210,-4.9142,-0.0000,22.4445,0.0000,-0.0000,10.9336,-2.8285,-0.0000,-9.0158,8.9815
-25.7494,0.0000,-0.0000,30.8612,-3.4451,-0.0000,19.9256,0.0000,-0.0000,18.8879,-0.1982,0.0000,-8.5035,7.4717
-25.5768,0.0000,-0.0000,33.3055,-4.3244,0.0000,17.7562,0.0000,-0.0000,24.5823,3.3244,-0.0000,-8.1957,6.2475
-23.8860,0.0000,-0.0000,35.3582,-6.6185,0.0000,14.4247,0.0000,0.0000,33.9128,8.9096,-0.0000,-7.0851,5.1055
-22.0310,-0.0000,-0.0000,35.5814,-7.7876,0.0000,11.3380,0.0000,0.0000,40.1806,11.2585,-0.0000,-6.8829,4.7089
-20.7161,-0.0000,-0.0000,35.4522,-8.9609,0.0000,7.8524,0.0000,0.0000,45.5036,10.3487,-0.0000,-6.3781,4.2443
-18.2658,-0.0000,-0.0000,34.6271,-9.9881,0.0000,2.8452,-0.0000,0.0000,51.7343,6.4247,-0.0000,-5.5790,3.6910
-16.2538,-0.0000,-0.0000,33.8676,-10.8529,0.0000,-0.1051,-0.0000,0.0000,54.4142,4.4482,0.0000,-4.8055,3.1952
-13.1589,-0.0000,-0.0000,32.0024,-11.0871,0.0000,-4.6363,-0.0000,0.0000,57.1893,-0.1391,0.0000,-3.8006,2.2197
-11.3139,-0.0000,-0.0000,30.5861,-11.2723,0.0000,-7.9405,-0.0000,0.0000,58.1985,-2.1139,0.0000,-3.3832,1.2585
-8.9314,-0.0000,-0.0000,29.2938,-11.6068,0.0000,-10.4802,-0.0000,0.0000,58.1351,-3.2243,0.0000,-2.7347,0.5778
-6.0835,-0.0000,-0.0000,27.8614,-12.0563,0.0000,-14.2734,-0.0000,0.0000,56.4389,-5.5757,0.0000,-2.0533,-0.9750
-4.1653,-0.0000,-0.0000,26.8547,-12.5078,0.0000,-16.5193,-0.0000,0.0000,54.3794,-6.5087,0.0000,-1.6890,-1.8421
-1.5727,-0.0000,-0.0000,25.2132,-12.6574,0.0000,-19.0662,-0.0000,0.0000,49.6460,-8.3047,-0.0000,-0.8476,-3.2829
0.1015,-0.0000,-0.0000,23.7505,-12.2178,0.0000,-20.4218,-0.0000,0.0000,45.5945,-8.6729,-0.0000,-0.5121,-4.4902
2.3322,-0.0000,-0.0000,21.5473,-11.4649,0.0000,-21.5706,-0.0000,0.0000,41.3454,-8.9041,-0.0000,0.1531,-5.3565
5.5190,-0.0000,-0.0000,18.3986,-10.7033,0.0000,-22.3544,-0.0000,0.0000,34.2368,-10.0999,-0.0000,0.6613,-7.0793
7.5374,-0.0000,-0.0000,16.4909,-9.8996,0.0000,-22.4218,-0.0000,0.0000,29.5933,-11.0948,-0.0000,1.3025,-8.0010
10.7762,-0.0000,-0.0000,13.1474,-8.6082,0.0000,-22.7937,-0.0000,0.0000,24.0953,-13.6996,-0.0000,2.2147,-9.2392
13.8018,-0.0000,0.0000,10.5414,-7.4735,0.0000,-22.9554,-0.0000,0.0000,21.9866,-14.1406,-0.0000,2.7076,-9.9935
15.8514,-0.0000,0.0000,9.0838,-6.4625,0.0000,-23.6523,-0.0000,0.0000,20.6471,-14.7383,-0.0000,2.7212,-11.0062
17.0174,-0.0000,0.0000,10.6820,-6.2489,0.0000,-23.3472,-0.0000,0.0000,19.3625,-14.4686,-0.0000,3.1785,-11.6830
17.6355,-0.0000,0.0000,12.0688,-5.7590,0.0000,-23.0131,-0.0000,0.0000,19.9102,-14.1295,-0.0000,2.7378,-12.1979
19.3527,-0.0000,0.0000,13.7927,-4.3768,0.0000,-22.0638,-0.0000,0.0000,22.6155,-13.2035,-0.0000,2.1016,-12.0657
19.7690,-0.0000,0.0000,15.1678,-2.5366,0.0000,-22.0872,-0.0000,0.0000,25.2624,-10.9983,-0.0000,1.0936,-12.4229
18.9187,-0.0000,0.0000,17.6957,-0.1021,-0.0000,-22.7294,-0.0000,0.0000,27.9338,-9.8109,-0.0000,0.1293,-12.1538
16.8479,0.0000,0.0000,24.2185,4.1100,0.0000,-21.7114,-0.0000,0.0000,30.8806,-9.2989,-0.0000,-1.3185,-11.5027
15.2826,0.0000,0.0000,29.9077,6.6545,0.0000,-19.6441,0.0000,0.0000,32.1982,-9.8837,-0.0000,-2.1135,-10.5382
11.4967,0.0000,0.0000,38.5578,9.5392,0.0000,-17.5864,0.0000,0.0000,33.6099,-11.2202,-0.0000,-3.2204,-9.3698
8.5529,0.0000,0.0000,43.7084,8.9017,0.0000,-16.5738,0.0000,0.0000,33.6278,-12.0803,-0.0000,-3.6498,-8.5223
5.5933,0.0000,0.0000,48.4158,7.7374,-0.0000,-14.6293,0.0000,0.0000,32.8438,-12.2384,-0.0000,-4.0296,-7.7284
0.3686,0.0000,-0.0000,53.7662,3.4955,-0.0000,-12.4857,0.0000,0.0000,31.4211,-12.8064,-0.0000,-4.5448,-6.7450
-2.4389,0.0000,-0.0000,56.1226,-0.4907,-0.0000,-10.4856,0.0000,0.0000,30.4185,-13.0292,-0.0000,-4.7037,-5.7146
-6.9698,0.0000,-0.0000,57.8889,-1.9210,-0.0000,-7.5374,0.0000,0.0000,28.5216,-13.4365,-0.0000,-5.0899,-4.1902
-9.8335,0.0000,-0.0000,58.1805,-3.4955,-0.0000,-5.8182,0.0000,0.0000,27.2709,-13.4366,-0.0000,-5.6155,-3.4745
-12.6258,0.0000,-0.0000,57.9026,-4.7674,-0.0000,-4.4988,0.0000,0.0000,26.6319,-13.6767,-0.0000,-5.9396,-2.4052
-16.3241,0.0000,-0.0000,55.8939,-6.0483,-0.0000,-2.4613,0.0000,0.0000,25.9264,-14.5199,-0.0000,-6.6971,-1.1489
-18.0038,0.0000,-0.0000,53.3050,-6.6809,0.0000,-1.2750,0.0000,0.0000,24.9364,-14.3317,-0.0000,-7.2836,-0.2705
-20.6050,0.0000,-0.0000,48.3867,-7.5441,0.0000,1.1332,0.0000,0.0000,22.8090,-13.4502,-0.0000,-7.5804,1.4997
-21.5467,0.0000,-0.0000,44.1038,-7.9278,0.0000,2.8894,0.0000,0.0000,21.1632,-12.9719,-0.0000,-7.7153,2.6449
-22.7679,0.0000,-0.0000,39.3688,-8.2490,0.0000,4.6028,0.0000,-0.0000,19.2329,-12.6028,-0.0000,-8.1478,3.6856
-23.1456,0.0000,-0.0000,32.2589,-9.2219,0.0000,8.3272,0.0000,-0.0000,15.5687,-11.3077,-0.0000,-8.3927,5.6330
-23.3923,0.0000,-0.0000,27.7196,-9.4436,0.0000,10.2882,0.0000,-0.0000,13.5826,-10.3559,-0.0000,-8.7583,7.0655
-23.5821,0.0000,-0.0000,21.9891,-10.1882,0.0000,13.4146,0.0000,-0.0000,10.9631,-8.8158,-0.0000,-9.2316,8.8104
-23.9702,0.0000,-0.0000,20.2357,-10.7080,0.0000,16.0111,0.0000,-0.0000,8.2723,-7.4615,-0.0000,-9.5705,9.8064
-24.5503,0.0000,-0.0000,20.1481,-11.1473,0.0000,19.2151,0.0000,-0.0000,5.0940,-5.7584,-0.0000,-9.7830,10.4457
-24.9531,0.0000,-0.0000,21.4593,-11.1736,0.0000,21.3435,0.0000,-0.0000,6.2501,-5.0752,-0.0000,-10.3559,10.8112
-25.4984,0.0000,-0.0000,23.1816,-10.9565,0.0000,21.0942,0.0000,-0.0000,9.4795,-4.7074,-0.0000,-10.5021,10.6987
-25.4863,0.0000,-0.0000,26.4136,-8.7385,0.0000,21.5437,0.0000,-0.0000,13.1549,-2.7694,-0.0000,-10.7806,9.9760
-25.3349,0.0000,-0.0000,29.1089,-7.5460,-0.0000,21.2564,0.0000,-0.0000,16.2600,-0.2064,0.0000,-10.7446,9.2444
-25.7696,0.0000,-0.0000,31.8494,-6.2714,-0.0000,19.4202,0.0000,-0.0000,21.2238,3.1583,-0.0000,-9.8483,8.6669
-25.3505,0.0000,-0.0000,34.7126,-7.2202,0.0000,15.6099,0.0000,0.0000,30.8102,8.1115,-0.0000,-9.1340,7.2178
-24.0524,-0.0000,-0.0000,35.6672,-8.3578,0.0000,13.1156,-0.0000,0.0000,37.0578,11.0486,-0.0000,-8.1668,6.7510
-21.3020,-0.0000,-0.0000,35.4408,-9.7361,0.0000,8.3487,-0.0000,0.0000,46.3307,9.3987,-0.0000,-6.9347,5.9943
-19.7569,-0.0000,-0.0000,34.6166,-10.2725,0.0000,4.6727,-0.0000,0.0000,51.7737,6.3310,0.0000,-6.2697,5.4284
-17.6562,-0.0000,-0.0000,33.5939,-10.8853,0.0000,1.4810,-0.0000,0.0000,55.7439,2.9443,0.0000,-5.6580,4.5547
-15.1171,-0.0000,-0.0000,32.1766,-11.7194,0.0000,-3.2716,-0.0000,0.0000,59.7020,-0.7804,0.0000,-4.4602,3.3744
-12.0103,-0.0000,-0.0000,31.6306,-12.8649,0.0000,-4.6792,-0.0000,0.0000,61.1316,-2.4967,0.0000,-3.6571,2.6702
-9.2051,-0.0000,-0.0000,31.5442,-14.0941,0.0000,-7.1080,0.0000,0.0000,60.9672,-3.9205,0.0000,-2.9935,0.6920
-7.8451,-0.0000,-0.0000,30.6590,-14.7640,0.0000,-11.0202,-0.0000,0.0000,60.1630,-4.6637,0.0000,-2.5631,-0.4280
-5.3171,-0.0000,-0.0000,29.7485,-15.3465,0.0000,-12.6662,0.0000,0.0000,58.1522,-5.6243,0.0000,-2.0633,-1.4124
-2.4730,-0.0000,-0.0000,28.3458,-15.9430,0.0000,-15.5764,-0.0000,0.0000,54.0375,-5.9555,0.0000,-1.7523,-3.2859
-0.5539,-0.0000,-0.0000,26.8876,-15.5664,0.0000,-17.4860,-0.0000,0.0000,50.4874,-6.6441,0.0000,-1.0788,-3.8644
2.5519,-0.0000,-0.0000,24.8724,-15.6354,0.0000,-18.5709,-0.0000,0.0000,43.6746,-6.8609,0.0000,-0.2613,-5.3226
4.3570,-0.0000,-0.0000,23.2254,-15.1145,0.0000,-19.0304,-0.0000,0.0000,38.3558,-6.2494,0.0000,-0.1525,-6.2524
6.3638,-0.0000,0.0000,21.3358,-14.9212,0.0000,-19.6025,-0.0000,0.0000,33.3042,-7.4011,0.0000,0.2332,-7.5306
10.4406,-0.0000,0.0000,17.7115,-13.2538,0.0000,-19.4442,-0.0000,0.0000,26.3768,-8.8648,-0.0000,0.8931,-8.8511
12.7625,-0.0000,0.0000,15.0107,-12.5171,0.0000,-19.5557,-0.0000,0.0000,22.2249,-9.3819,-0.0000,1.3017,-9.7587
